{
  "title": "IMG_1001.JPG",
  "description": "",
  "imageViews": "42",
  "creationTime": {
    "timestamp": "1383739377",
    "formatted": "Nov 6, 2013, 12:02:57 PM UTC"
  },
  "photoTakenTime": {
    "timestamp": "1383191580",
    "formatted": "Oct 31, 2013, 3:53:00 AM UTC"
  },
  "geoData": {
    "latitude": 0.0,
    "longitude": 0.0,
    "altitude": 0.0,
    "latitudeSpan": 0.0,
    "longitudeSpan": 0.0
  },
  "geoDataExif": {
    "latitude": 0.0,
    "longitude": 0.0,
    "altitude": 0.0,
    "latitudeSpan": 0.0,
    "longitudeSpan": 0.0
  },
  "url": "https://photos.google.com/photo/AF1QipOH6uo_FBrVkT76pKzW7PVa435VPdithCgmK98"
}