{
  "title": "IMG_0979.JPG",
  "description": "",
  "imageViews": "33",
  "creationTime": {
    "timestamp": "1383738881",
    "formatted": "Nov 6, 2013, 11:54:41 AM UTC"
  },
  "photoTakenTime": {
    "timestamp": "1383183404",
    "formatted": "Oct 31, 2013, 1:36:44 AM UTC"
  },
  "geoData": {
    "latitude": 0.0,
    "longitude": 0.0,
    "altitude": 0.0,
    "latitudeSpan": 0.0,
    "longitudeSpan": 0.0
  },
  "geoDataExif": {
    "latitude": 0.0,
    "longitude": 0.0,
    "altitude": 0.0,
    "latitudeSpan": 0.0,
    "longitudeSpan": 0.0
  },
  "url": "https://photos.google.com/photo/AF1QipMFkqY2EqADblKkhhcQjk8TROUuMe_eZOuUeUc"
}