{
  "title": "IMG_0959.JPG",
  "description": "",
  "imageViews": "35",
  "creationTime": {
    "timestamp": "1383737914",
    "formatted": "Nov 6, 2013, 11:38:34 AM UTC"
  },
  "photoTakenTime": {
    "timestamp": "1383179853",
    "formatted": "Oct 31, 2013, 12:37:33 AM UTC"
  },
  "geoData": {
    "latitude": 0.0,
    "longitude": 0.0,
    "altitude": 0.0,
    "latitudeSpan": 0.0,
    "longitudeSpan": 0.0
  },
  "geoDataExif": {
    "latitude": 0.0,
    "longitude": 0.0,
    "altitude": 0.0,
    "latitudeSpan": 0.0,
    "longitudeSpan": 0.0
  },
  "url": "https://photos.google.com/photo/AF1QipOaaBEuNs_ee4AsOJzU8BDQs_FcmPAXv1uJ60k"
}