{
  "title": "IMG_0968.JPG",
  "description": "",
  "imageViews": "54",
  "creationTime": {
    "timestamp": "1383738125",
    "formatted": "Nov 6, 2013, 11:42:05 AM UTC"
  },
  "photoTakenTime": {
    "timestamp": "1383182032",
    "formatted": "Oct 31, 2013, 1:13:52 AM UTC"
  },
  "geoData": {
    "latitude": 0.0,
    "longitude": 0.0,
    "altitude": 0.0,
    "latitudeSpan": 0.0,
    "longitudeSpan": 0.0
  },
  "geoDataExif": {
    "latitude": 0.0,
    "longitude": 0.0,
    "altitude": 0.0,
    "latitudeSpan": 0.0,
    "longitudeSpan": 0.0
  },
  "people": [{
    "name": "Me"
  }],
  "url": "https://photos.google.com/photo/AF1QipNw5EyUZeVwLaCwvWgKIISeVoaGbSzLOIUDKto"
}