{
  "title": "IMG_0957.JPG",
  "description": "",
  "imageViews": "50",
  "creationTime": {
    "timestamp": "1383737837",
    "formatted": "Nov 6, 2013, 11:37:17 AM UTC"
  },
  "photoTakenTime": {
    "timestamp": "1383179145",
    "formatted": "Oct 31, 2013, 12:25:45 AM UTC"
  },
  "geoData": {
    "latitude": 0.0,
    "longitude": 0.0,
    "altitude": 0.0,
    "latitudeSpan": 0.0,
    "longitudeSpan": 0.0
  },
  "geoDataExif": {
    "latitude": 0.0,
    "longitude": 0.0,
    "altitude": 0.0,
    "latitudeSpan": 0.0,
    "longitudeSpan": 0.0
  },
  "url": "https://photos.google.com/photo/AF1QipO6UevZ_6OGZGp792CQlFPaSMlZTZIEc7VOOvE"
}