{
  "title": "IMG_1000.JPG",
  "description": "",
  "imageViews": "42",
  "creationTime": {
    "timestamp": "1383739419",
    "formatted": "Nov 6, 2013, 12:03:39 PM UTC"
  },
  "photoTakenTime": {
    "timestamp": "1383191562",
    "formatted": "Oct 31, 2013, 3:52:42 AM UTC"
  },
  "geoData": {
    "latitude": 0.0,
    "longitude": 0.0,
    "altitude": 0.0,
    "latitudeSpan": 0.0,
    "longitudeSpan": 0.0
  },
  "geoDataExif": {
    "latitude": 0.0,
    "longitude": 0.0,
    "altitude": 0.0,
    "latitudeSpan": 0.0,
    "longitudeSpan": 0.0
  },
  "url": "https://photos.google.com/photo/AF1QipMNTVEb_uGsRiAAhBhNfjAzzfi_MBQ8owXOQAo"
}