{
  "title": "IMG_0998.JPG",
  "description": "",
  "imageViews": "30",
  "creationTime": {
    "timestamp": "1383739254",
    "formatted": "Nov 6, 2013, 12:00:54 PM UTC"
  },
  "photoTakenTime": {
    "timestamp": "1383191359",
    "formatted": "Oct 31, 2013, 3:49:19 AM UTC"
  },
  "geoData": {
    "latitude": 0.0,
    "longitude": 0.0,
    "altitude": 0.0,
    "latitudeSpan": 0.0,
    "longitudeSpan": 0.0
  },
  "geoDataExif": {
    "latitude": 0.0,
    "longitude": 0.0,
    "altitude": 0.0,
    "latitudeSpan": 0.0,
    "longitudeSpan": 0.0
  },
  "url": "https://photos.google.com/photo/AF1QipN5tF0eN2EhD3WtkFyFBR_NSkbMOf0isaKO3Cc"
}