{
  "title": "IMG_0999.JPG",
  "description": "",
  "imageViews": "28",
  "creationTime": {
    "timestamp": "1383739290",
    "formatted": "Nov 6, 2013, 12:01:30 PM UTC"
  },
  "photoTakenTime": {
    "timestamp": "1383191508",
    "formatted": "Oct 31, 2013, 3:51:48 AM UTC"
  },
  "geoData": {
    "latitude": 0.0,
    "longitude": 0.0,
    "altitude": 0.0,
    "latitudeSpan": 0.0,
    "longitudeSpan": 0.0
  },
  "geoDataExif": {
    "latitude": 0.0,
    "longitude": 0.0,
    "altitude": 0.0,
    "latitudeSpan": 0.0,
    "longitudeSpan": 0.0
  },
  "url": "https://photos.google.com/photo/AF1QipOAkKm_m5KynN_b9YsKRsu4gjQDkNuUGXOFViA"
}