{
  "title": "IMG_0965.JPG",
  "description": "",
  "imageViews": "45",
  "creationTime": {
    "timestamp": "1383738044",
    "formatted": "Nov 6, 2013, 11:40:44 AM UTC"
  },
  "photoTakenTime": {
    "timestamp": "1383182010",
    "formatted": "Oct 31, 2013, 1:13:30 AM UTC"
  },
  "geoData": {
    "latitude": 0.0,
    "longitude": 0.0,
    "altitude": 0.0,
    "latitudeSpan": 0.0,
    "longitudeSpan": 0.0
  },
  "geoDataExif": {
    "latitude": 0.0,
    "longitude": 0.0,
    "altitude": 0.0,
    "latitudeSpan": 0.0,
    "longitudeSpan": 0.0
  },
  "url": "https://photos.google.com/photo/AF1QipMbNZu8TEwYRDUpzFP7yMoj8r4wLg3LuXGQmsY"
}