{
  "title": "IMG_0993.JPG",
  "description": "",
  "imageViews": "32",
  "creationTime": {
    "timestamp": "1383738994",
    "formatted": "Nov 6, 2013, 11:56:34 AM UTC"
  },
  "photoTakenTime": {
    "timestamp": "1383191121",
    "formatted": "Oct 31, 2013, 3:45:21 AM UTC"
  },
  "geoData": {
    "latitude": 0.0,
    "longitude": 0.0,
    "altitude": 0.0,
    "latitudeSpan": 0.0,
    "longitudeSpan": 0.0
  },
  "geoDataExif": {
    "latitude": 0.0,
    "longitude": 0.0,
    "altitude": 0.0,
    "latitudeSpan": 0.0,
    "longitudeSpan": 0.0
  },
  "url": "https://photos.google.com/photo/AF1QipOz-TLPItbmE9fUh1goBaDlBga4s7zYbDckZuM"
}