{
  "title": "IMG_0978.JPG",
  "description": "",
  "imageViews": "42",
  "creationTime": {
    "timestamp": "1383738971",
    "formatted": "Nov 6, 2013, 11:56:11 AM UTC"
  },
  "photoTakenTime": {
    "timestamp": "1383183364",
    "formatted": "Oct 31, 2013, 1:36:04 AM UTC"
  },
  "geoData": {
    "latitude": 0.0,
    "longitude": 0.0,
    "altitude": 0.0,
    "latitudeSpan": 0.0,
    "longitudeSpan": 0.0
  },
  "geoDataExif": {
    "latitude": 0.0,
    "longitude": 0.0,
    "altitude": 0.0,
    "latitudeSpan": 0.0,
    "longitudeSpan": 0.0
  },
  "url": "https://photos.google.com/photo/AF1QipPDTn1FcrzEoc5fE7GGiWPrlS9R4000T2DYgZs"
}