{
  "title": "IMG_0961.JPG",
  "description": "",
  "imageViews": "43",
  "creationTime": {
    "timestamp": "1383737939",
    "formatted": "Nov 6, 2013, 11:38:59 AM UTC"
  },
  "photoTakenTime": {
    "timestamp": "1383181246",
    "formatted": "Oct 31, 2013, 1:00:46 AM UTC"
  },
  "geoData": {
    "latitude": 0.0,
    "longitude": 0.0,
    "altitude": 0.0,
    "latitudeSpan": 0.0,
    "longitudeSpan": 0.0
  },
  "geoDataExif": {
    "latitude": 0.0,
    "longitude": 0.0,
    "altitude": 0.0,
    "latitudeSpan": 0.0,
    "longitudeSpan": 0.0
  },
  "url": "https://photos.google.com/photo/AF1QipMGTQgEbvnRWe-PyW2q9WQh9NvjXzShVBzmZIY"
}