{
  "title": "IMG_0969.JPG",
  "description": "",
  "imageViews": "38",
  "creationTime": {
    "timestamp": "1383738191",
    "formatted": "Nov 6, 2013, 11:43:11 AM UTC"
  },
  "photoTakenTime": {
    "timestamp": "1383182052",
    "formatted": "Oct 31, 2013, 1:14:12 AM UTC"
  },
  "geoData": {
    "latitude": 0.0,
    "longitude": 0.0,
    "altitude": 0.0,
    "latitudeSpan": 0.0,
    "longitudeSpan": 0.0
  },
  "geoDataExif": {
    "latitude": 0.0,
    "longitude": 0.0,
    "altitude": 0.0,
    "latitudeSpan": 0.0,
    "longitudeSpan": 0.0
  },
  "url": "https://photos.google.com/photo/AF1QipNnX2R9s4dR3HCh7jMemkAB4Wp8kaxsOFT7eRE"
}