{
  "title": "IMG_0967.JPG",
  "description": "",
  "imageViews": "50",
  "creationTime": {
    "timestamp": "1383738042",
    "formatted": "Nov 6, 2013, 11:40:42 AM UTC"
  },
  "photoTakenTime": {
    "timestamp": "1383182023",
    "formatted": "Oct 31, 2013, 1:13:43 AM UTC"
  },
  "geoData": {
    "latitude": 0.0,
    "longitude": 0.0,
    "altitude": 0.0,
    "latitudeSpan": 0.0,
    "longitudeSpan": 0.0
  },
  "geoDataExif": {
    "latitude": 0.0,
    "longitude": 0.0,
    "altitude": 0.0,
    "latitudeSpan": 0.0,
    "longitudeSpan": 0.0
  },
  "people": [{
    "name": "Me"
  }],
  "url": "https://photos.google.com/photo/AF1QipNSZvYiMhWy7Zw_K8hFR3nsCxLMVxJsLuctHbE"
}