{
  "title": "IMG_1004.JPG",
  "description": "",
  "imageViews": "85",
  "creationTime": {
    "timestamp": "1383739508",
    "formatted": "Nov 6, 2013, 12:05:08 PM UTC"
  },
  "photoTakenTime": {
    "timestamp": "1383192339",
    "formatted": "Oct 31, 2013, 4:05:39 AM UTC"
  },
  "geoData": {
    "latitude": 0.0,
    "longitude": 0.0,
    "altitude": 0.0,
    "latitudeSpan": 0.0,
    "longitudeSpan": 0.0
  },
  "geoDataExif": {
    "latitude": 0.0,
    "longitude": 0.0,
    "altitude": 0.0,
    "latitudeSpan": 0.0,
    "longitudeSpan": 0.0
  },
  "url": "https://photos.google.com/photo/AF1QipNr5SUYWw0m8wkKjgUA7NCOY8ukGpcukvRjGbg"
}