{
  "title": "IMG_0989.JPG",
  "description": "",
  "imageViews": "44",
  "creationTime": {
    "timestamp": "1383738499",
    "formatted": "Nov 6, 2013, 11:48:19 AM UTC"
  },
  "photoTakenTime": {
    "timestamp": "1383189662",
    "formatted": "Oct 31, 2013, 3:21:02 AM UTC"
  },
  "geoData": {
    "latitude": 0.0,
    "longitude": 0.0,
    "altitude": 0.0,
    "latitudeSpan": 0.0,
    "longitudeSpan": 0.0
  },
  "geoDataExif": {
    "latitude": 0.0,
    "longitude": 0.0,
    "altitude": 0.0,
    "latitudeSpan": 0.0,
    "longitudeSpan": 0.0
  },
  "url": "https://photos.google.com/photo/AF1QipOh50uq_BL-4DYYcyOugVflv4E5wlL9loZfGSI"
}