{
  "title": "IMG_0996.JPG",
  "description": "",
  "imageViews": "26",
  "creationTime": {
    "timestamp": "1383739118",
    "formatted": "Nov 6, 2013, 11:58:38 AM UTC"
  },
  "photoTakenTime": {
    "timestamp": "1383191260",
    "formatted": "Oct 31, 2013, 3:47:40 AM UTC"
  },
  "geoData": {
    "latitude": 0.0,
    "longitude": 0.0,
    "altitude": 0.0,
    "latitudeSpan": 0.0,
    "longitudeSpan": 0.0
  },
  "geoDataExif": {
    "latitude": 0.0,
    "longitude": 0.0,
    "altitude": 0.0,
    "latitudeSpan": 0.0,
    "longitudeSpan": 0.0
  },
  "url": "https://photos.google.com/photo/AF1QipNrmpK6gqwTEHBlDce5b6gk-_zAj14bisY96DA"
}