{
  "title": "IMG_0992.JPG",
  "description": "",
  "imageViews": "42",
  "creationTime": {
    "timestamp": "1383738925",
    "formatted": "Nov 6, 2013, 11:55:25 AM UTC"
  },
  "photoTakenTime": {
    "timestamp": "1383189704",
    "formatted": "Oct 31, 2013, 3:21:44 AM UTC"
  },
  "geoData": {
    "latitude": 0.0,
    "longitude": 0.0,
    "altitude": 0.0,
    "latitudeSpan": 0.0,
    "longitudeSpan": 0.0
  },
  "geoDataExif": {
    "latitude": 0.0,
    "longitude": 0.0,
    "altitude": 0.0,
    "latitudeSpan": 0.0,
    "longitudeSpan": 0.0
  },
  "url": "https://photos.google.com/photo/AF1QipM82YGf6GfpIgwnN8ZVwg9OgojP8TeBgPYJnv4"
}