{
  "title": "IMG_0970.JPG",
  "description": "",
  "imageViews": "31",
  "creationTime": {
    "timestamp": "1383738189",
    "formatted": "Nov 6, 2013, 11:43:09 AM UTC"
  },
  "photoTakenTime": {
    "timestamp": "1383182104",
    "formatted": "Oct 31, 2013, 1:15:04 AM UTC"
  },
  "geoData": {
    "latitude": 0.0,
    "longitude": 0.0,
    "altitude": 0.0,
    "latitudeSpan": 0.0,
    "longitudeSpan": 0.0
  },
  "geoDataExif": {
    "latitude": 0.0,
    "longitude": 0.0,
    "altitude": 0.0,
    "latitudeSpan": 0.0,
    "longitudeSpan": 0.0
  },
  "url": "https://photos.google.com/photo/AF1QipPXapZMIcHB5Q_kobPkMRqt7zv5z5AEn25ZciU"
}