{
  "title": "IMG_0991.JPG",
  "description": "",
  "imageViews": "42",
  "creationTime": {
    "timestamp": "1383738565",
    "formatted": "Nov 6, 2013, 11:49:25 AM UTC"
  },
  "photoTakenTime": {
    "timestamp": "1383189694",
    "formatted": "Oct 31, 2013, 3:21:34 AM UTC"
  },
  "geoData": {
    "latitude": 0.0,
    "longitude": 0.0,
    "altitude": 0.0,
    "latitudeSpan": 0.0,
    "longitudeSpan": 0.0
  },
  "geoDataExif": {
    "latitude": 0.0,
    "longitude": 0.0,
    "altitude": 0.0,
    "latitudeSpan": 0.0,
    "longitudeSpan": 0.0
  },
  "url": "https://photos.google.com/photo/AF1QipOWcPRQrhm7GrFQ7C4XjILxGiO-rBrHlkCRp_c"
}