{
  "title": "IMG_0975.JPG",
  "description": "",
  "imageViews": "30",
  "creationTime": {
    "timestamp": "1383738333",
    "formatted": "Nov 6, 2013, 11:45:33 AM UTC"
  },
  "photoTakenTime": {
    "timestamp": "1383182281",
    "formatted": "Oct 31, 2013, 1:18:01 AM UTC"
  },
  "geoData": {
    "latitude": 0.0,
    "longitude": 0.0,
    "altitude": 0.0,
    "latitudeSpan": 0.0,
    "longitudeSpan": 0.0
  },
  "geoDataExif": {
    "latitude": 0.0,
    "longitude": 0.0,
    "altitude": 0.0,
    "latitudeSpan": 0.0,
    "longitudeSpan": 0.0
  },
  "url": "https://photos.google.com/photo/AF1QipOl_O98TbxHEcA63FPQFymG2sytKeTnM4uuY1M"
}