{
  "title": "IMG_0997.JPG",
  "description": "",
  "imageViews": "35",
  "creationTime": {
    "timestamp": "1383739251",
    "formatted": "Nov 6, 2013, 12:00:51 PM UTC"
  },
  "photoTakenTime": {
    "timestamp": "1383191352",
    "formatted": "Oct 31, 2013, 3:49:12 AM UTC"
  },
  "geoData": {
    "latitude": 0.0,
    "longitude": 0.0,
    "altitude": 0.0,
    "latitudeSpan": 0.0,
    "longitudeSpan": 0.0
  },
  "geoDataExif": {
    "latitude": 0.0,
    "longitude": 0.0,
    "altitude": 0.0,
    "latitudeSpan": 0.0,
    "longitudeSpan": 0.0
  },
  "url": "https://photos.google.com/photo/AF1QipNBNpLJFSJiDkTdXszDpVvY3p4VWygK9wLzCtI"
}