{
  "title": "IMG_0960.JPG",
  "description": "",
  "imageViews": "32",
  "creationTime": {
    "timestamp": "1383737867",
    "formatted": "Nov 6, 2013, 11:37:47 AM UTC"
  },
  "photoTakenTime": {
    "timestamp": "1383179859",
    "formatted": "Oct 31, 2013, 12:37:39 AM UTC"
  },
  "geoData": {
    "latitude": 0.0,
    "longitude": 0.0,
    "altitude": 0.0,
    "latitudeSpan": 0.0,
    "longitudeSpan": 0.0
  },
  "geoDataExif": {
    "latitude": 0.0,
    "longitude": 0.0,
    "altitude": 0.0,
    "latitudeSpan": 0.0,
    "longitudeSpan": 0.0
  },
  "url": "https://photos.google.com/photo/AF1QipO2AS_KGAOGNN412R-R5hxmwSgo4Xc1gVdQkg8"
}