{
  "title": "IMG_0977.JPG",
  "description": "",
  "imageViews": "28",
  "creationTime": {
    "timestamp": "1383738389",
    "formatted": "Nov 6, 2013, 11:46:29 AM UTC"
  },
  "photoTakenTime": {
    "timestamp": "1383183248",
    "formatted": "Oct 31, 2013, 1:34:08 AM UTC"
  },
  "geoData": {
    "latitude": 0.0,
    "longitude": 0.0,
    "altitude": 0.0,
    "latitudeSpan": 0.0,
    "longitudeSpan": 0.0
  },
  "geoDataExif": {
    "latitude": 0.0,
    "longitude": 0.0,
    "altitude": 0.0,
    "latitudeSpan": 0.0,
    "longitudeSpan": 0.0
  },
  "url": "https://photos.google.com/photo/AF1QipPkhmC1HhPpeB6Y3LZ0_7TxRWl_2kYxcPtt15A"
}