{
  "title": "IMG_0971.JPG",
  "description": "",
  "imageViews": "48",
  "creationTime": {
    "timestamp": "1383738262",
    "formatted": "Nov 6, 2013, 11:44:22 AM UTC"
  },
  "photoTakenTime": {
    "timestamp": "1383182124",
    "formatted": "Oct 31, 2013, 1:15:24 AM UTC"
  },
  "geoData": {
    "latitude": 0.0,
    "longitude": 0.0,
    "altitude": 0.0,
    "latitudeSpan": 0.0,
    "longitudeSpan": 0.0
  },
  "geoDataExif": {
    "latitude": 0.0,
    "longitude": 0.0,
    "altitude": 0.0,
    "latitudeSpan": 0.0,
    "longitudeSpan": 0.0
  },
  "url": "https://photos.google.com/photo/AF1QipO_TMBd0DGNGOOuTq-mMA8BjAxninAqUvcB9pM"
}