{
  "title": "IMG_0962.JPG",
  "description": "",
  "imageViews": "66",
  "creationTime": {
    "timestamp": "1383738064",
    "formatted": "Nov 6, 2013, 11:41:04 AM UTC"
  },
  "photoTakenTime": {
    "timestamp": "1383181253",
    "formatted": "Oct 31, 2013, 1:00:53 AM UTC"
  },
  "geoData": {
    "latitude": 0.0,
    "longitude": 0.0,
    "altitude": 0.0,
    "latitudeSpan": 0.0,
    "longitudeSpan": 0.0
  },
  "geoDataExif": {
    "latitude": 0.0,
    "longitude": 0.0,
    "altitude": 0.0,
    "latitudeSpan": 0.0,
    "longitudeSpan": 0.0
  },
  "url": "https://photos.google.com/photo/AF1QipPVVTeHQZHd-tVw46NqZv4tEk1tEjRVt-zRGm4"
}