{
  "title": "IMG_0976.JPG",
  "description": "",
  "imageViews": "39",
  "creationTime": {
    "timestamp": "1383738326",
    "formatted": "Nov 6, 2013, 11:45:26 AM UTC"
  },
  "photoTakenTime": {
    "timestamp": "1383182305",
    "formatted": "Oct 31, 2013, 1:18:25 AM UTC"
  },
  "geoData": {
    "latitude": 0.0,
    "longitude": 0.0,
    "altitude": 0.0,
    "latitudeSpan": 0.0,
    "longitudeSpan": 0.0
  },
  "geoDataExif": {
    "latitude": 0.0,
    "longitude": 0.0,
    "altitude": 0.0,
    "latitudeSpan": 0.0,
    "longitudeSpan": 0.0
  },
  "url": "https://photos.google.com/photo/AF1QipPZsZsOZc_nyvAwPK43nZVt7dNGa53iy60eX6A"
}