{
  "title": "IMG_1002.JPG",
  "description": "",
  "imageViews": "31",
  "creationTime": {
    "timestamp": "1383739470",
    "formatted": "Nov 6, 2013, 12:04:30 PM UTC"
  },
  "photoTakenTime": {
    "timestamp": "1383191674",
    "formatted": "Oct 31, 2013, 3:54:34 AM UTC"
  },
  "geoData": {
    "latitude": 0.0,
    "longitude": 0.0,
    "altitude": 0.0,
    "latitudeSpan": 0.0,
    "longitudeSpan": 0.0
  },
  "geoDataExif": {
    "latitude": 0.0,
    "longitude": 0.0,
    "altitude": 0.0,
    "latitudeSpan": 0.0,
    "longitudeSpan": 0.0
  },
  "url": "https://photos.google.com/photo/AF1QipMM-bR4-jMd2mJzK1PB6lGTPSJ5f_QhcOKs6Dg"
}