{
  "title": "IMG_0994.JPG",
  "description": "",
  "imageViews": "37",
  "creationTime": {
    "timestamp": "1383739125",
    "formatted": "Nov 6, 2013, 11:58:45 AM UTC"
  },
  "photoTakenTime": {
    "timestamp": "1383191150",
    "formatted": "Oct 31, 2013, 3:45:50 AM UTC"
  },
  "geoData": {
    "latitude": 0.0,
    "longitude": 0.0,
    "altitude": 0.0,
    "latitudeSpan": 0.0,
    "longitudeSpan": 0.0
  },
  "geoDataExif": {
    "latitude": 0.0,
    "longitude": 0.0,
    "altitude": 0.0,
    "latitudeSpan": 0.0,
    "longitudeSpan": 0.0
  },
  "url": "https://photos.google.com/photo/AF1QipPPIhh-J2z_y1frT8x64hpBadZ1Agfo27u3yFc"
}