{
  "title": "IMG_0995.JPG",
  "description": "",
  "imageViews": "32",
  "creationTime": {
    "timestamp": "1383739123",
    "formatted": "Nov 6, 2013, 11:58:43 AM UTC"
  },
  "photoTakenTime": {
    "timestamp": "1383191255",
    "formatted": "Oct 31, 2013, 3:47:35 AM UTC"
  },
  "geoData": {
    "latitude": 0.0,
    "longitude": 0.0,
    "altitude": 0.0,
    "latitudeSpan": 0.0,
    "longitudeSpan": 0.0
  },
  "geoDataExif": {
    "latitude": 0.0,
    "longitude": 0.0,
    "altitude": 0.0,
    "latitudeSpan": 0.0,
    "longitudeSpan": 0.0
  },
  "url": "https://photos.google.com/photo/AF1QipNfKih1Kuki1gTLxtAJe7cB0NaHgfMyYuPt1jc"
}