{
  "title": "IMG_1003.JPG",
  "description": "",
  "imageViews": "38",
  "creationTime": {
    "timestamp": "1383739487",
    "formatted": "Nov 6, 2013, 12:04:47 PM UTC"
  },
  "photoTakenTime": {
    "timestamp": "1383191688",
    "formatted": "Oct 31, 2013, 3:54:48 AM UTC"
  },
  "geoData": {
    "latitude": 0.0,
    "longitude": 0.0,
    "altitude": 0.0,
    "latitudeSpan": 0.0,
    "longitudeSpan": 0.0
  },
  "geoDataExif": {
    "latitude": 0.0,
    "longitude": 0.0,
    "altitude": 0.0,
    "latitudeSpan": 0.0,
    "longitudeSpan": 0.0
  },
  "url": "https://photos.google.com/photo/AF1QipOB37nNyAtpoWjgBF8tND59jj6O43Jn4PGdsx8"
}