{
  "title": "IMG_0980.JPG",
  "description": "",
  "imageViews": "32",
  "creationTime": {
    "timestamp": "1383738441",
    "formatted": "Nov 6, 2013, 11:47:21 AM UTC"
  },
  "photoTakenTime": {
    "timestamp": "1383183424",
    "formatted": "Oct 31, 2013, 1:37:04 AM UTC"
  },
  "geoData": {
    "latitude": 0.0,
    "longitude": 0.0,
    "altitude": 0.0,
    "latitudeSpan": 0.0,
    "longitudeSpan": 0.0
  },
  "geoDataExif": {
    "latitude": 0.0,
    "longitude": 0.0,
    "altitude": 0.0,
    "latitudeSpan": 0.0,
    "longitudeSpan": 0.0
  },
  "url": "https://photos.google.com/photo/AF1QipNkhmYn1fB2CohKbh1kaKreSeeCCpUeZXpht6c"
}